{"cameraMode":{"drawMode":0,"name":"Shaded","section":"Shading Mode"},"sceneLighting":false,"audioPlay":false,"sceneViewState":{"showFog":true,"showMaterialUpdate":false,"showSkybox":false,"showFlares":true,"showImageEffects":true,"showParticleSystems":true},"in2DMode":false,"pivot":{"x":8.593180656433106,"y":0.7864567041397095,"z":1.396278738975525},"rotation":{"x":-0.19089220464229585,"y":0.488121896982193,"z":-0.11033651977777481,"w":-0.8444804549217224},"size":1.1950945854187012,"orthographic":false}