{"cameraMode":{"drawMode":0,"name":"Shaded","section":"Shading Mode"},"sceneLighting":true,"audioPlay":false,"sceneViewState":{"showFog":true,"showMaterialUpdate":false,"showSkybox":true,"showFlares":true,"showImageEffects":true,"showParticleSystems":true},"in2DMode":false,"pivot":{"x":18.72930335998535,"y":1.0498329401016236,"z":34.849998474121097},"rotation":{"x":-0.0992286279797554,"y":0.2355911135673523,"z":-0.02418316900730133,"w":-0.9664869904518127},"size":4.1624956130981449,"orthographic":false}